{
  "name": "Profile Pictures",
  "photos": [
    {
      "uri": "photos_and_videos/ProfilePictures/billy-chester-pdC8onszs6o-unsplash.jpg",
      "creation_timestamp": 1294049312,
      "title": "Profile Pictures"
    },
    {
      "uri": "photos_and_videos/ProfilePictures/darshan-patel-QJEVpydulGs-unsplash.jpg",
      "creation_timestamp": 1296727712,
      "title": "Profile Pictures"
    },
    {
      "uri": "photos_and_videos/ProfilePictures/christian-buehner-DItYlc26zVI-unsplash.jpg",
      "creation_timestamp": 1299146912,
      "title": "Profile Pictures",
      "description": "New glasses!"
    },
    {
      "uri": "photos_and_videos/ProfilePictures/naveen-kumar-QGkGM70eMBw-unsplash.jpg",
      "creation_timestamp": 1301825312,
      "title": "Profile Pictures"
    },
    {
      "uri": "photos_and_videos/ProfilePictures/elizeu-dias-2EGNqazbAMk-unsplash.jpg",
      "creation_timestamp": 1304417312,
      "title": "Profile Pictures"
    },
    {
      "uri": "photos_and_videos/ProfilePictures/raychan-4UwmXw_arF8-unsplash.jpg",
      "creation_timestamp": 1307095712,
      "title": "Profile Pictures"
    },
    {
      "uri": "photos_and_videos/ProfilePictures/etty-fidele-6UWqw25wfLI-unsplash.jpg",
      "creation_timestamp": 1309687712,
      "title": "Profile Pictures"
    },
    {
      "uri": "photos_and_videos/ProfilePictures/jakob-owens-lkMJcGDZLVs-unsplash.jpg",
      "creation_timestamp": 1312366112,
      "title": "Profile Pictures",
      "description": "Mountain man beard."
    },
    {
      "uri": "photos_and_videos/ProfilePictures/jonas-kakaroto-KIPqvvTOC1s-unsplash.jpg",
      "creation_timestamp": 1315044512,
      "title": "Profile Pictures"
    },
    {
      "uri": "photos_and_videos/ProfilePictures/julian-wan-WNoLnJo7tS8-unsplash.jpg",
      "creation_timestamp": 1317636512,
      "title": "Profile Pictures",
      "description": "Found the styling gel!"
    },
    {
      "uri": "photos_and_videos/ProfilePictures/matheus-ferrero-36_ScqcdHho-unsplash.jpg",
      "creation_timestamp": 1320314912,
      "title": "Profile Pictures"
    },
    {
      "uri": "photos_and_videos/ProfilePictures/jmitchell-luo-ymo_yC_N_2o-unsplash.jpg",
      "creation_timestamp": 1322906912,
      "title": "Profile Pictures",
      "description": "Starting new job today!"
    },
    {
      "uri": "photos_and_videos/ProfilePictures/oz-seyrek--Ir03_pgpMU-unsplash.jpg",
      "creation_timestamp": 1325585312,
      "title": "Profile Pictures",
      "description": "The company had us all do 'professional' profile shots."
    },
    {
      "uri": "photos_and_videos/ProfilePictures/rui-silvestre-hAMJpesMeDE-unsplash.jpg",
      "creation_timestamp": 1328263712,
      "title": "Profile Pictures"
    },
    {
      "uri": "photos_and_videos/ProfilePictures/prince-akachi-J1OScm_uHUQ-unsplash.jpg",
      "creation_timestamp": 1330769312,
      "title": "Profile Pictures"
    },
    {
      "uri": "photos_and_videos/ProfilePictures/taylor-wright-g0pb9aXpbgQ-unsplash.jpg",
      "creation_timestamp": 1333447712,
      "title": "Profile Pictures"
    },
    {
      "uri": "photos_and_videos/ProfilePictures/freestocks-9UVmlIb0wJU-unsplash.jpg",
      "creation_timestamp": 1336039712,
      "title": "Profile Pictures"
    },
    {
      "uri": "photos_and_videos/ProfilePictures/etty-fidele-nF8eo2nX374-unsplash.jpg",
      "creation_timestamp": 1338718112,
      "title": "Profile Pictures"
    },
    {
      "uri": "photos_and_videos/ProfilePictures/joseph-gonzalez-iFgRcqHznqg-unsplash.jpg",
      "creation_timestamp": 1341310112,
      "title": "Profile Pictures"
    }
  ],
  "cover_photo": {
      "uri": "photos_and_videos/ProfilePictures/freestocks-9UVmlIb0wJU-unsplash.jpg",
      "creation_timestamp": 1336039712,
      "title": "Profile Pictures"
  },
  "last_modified_timestamp": 1341310112,
  "description": "Yes, this is a fake Facebook account so these are all fake profile pictures. But what if I'm one of them?"
}