{
  "name": "Travel",
  "photos": [
    {
      "uri": "photos_and_videos/Travel/dino-reichmuth-A5rCN8626Ck-unsplash.jpg",
      "creation_timestamp": 1294049312,
      "title": "Travel",
      "description": "The Yellow Submarine doing fine in the the heat."
    },
    {
      "uri": "photos_and_videos/Travel/ian-dooley-hpTH5b6mo2s-unsplash.jpg",
      "creation_timestamp": 1296727712,
      "title": "Travel",
      "description": "Balloons everywhere!"
    },
    {
      "uri": "photos_and_videos/Travel/jeshoots-com-mSESwdMZr-A-unsplash.jpg",
      "creation_timestamp": 1299146912,
      "title": "Travel",
      "description": "Another day, another airport."
    },
    {
      "uri": "photos_and_videos/Travel/luca-bravo-O453M2Liufs-unsplash.jpg",
      "creation_timestamp": 1301825312,
      "title": "Travel"
    },
    {
      "uri": "photos_and_videos/Travel/philipp-kammerer-6Mxb_mZ_Q8E-unsplash.jpg",
      "creation_timestamp": 1304417312,
      "title": "Travel"
    },
    {
      "uri": "photos_and_videos/Travel/simon-migaj-Yui5vfKHuzs-unsplash.jpg",
      "creation_timestamp": 1307095712,
      "title": "Travel"
    },
    {
      "uri": "photos_and_videos/Travel/tyler-nix-q-motCAvPBM-unsplash.jpg",
      "creation_timestamp": 1309687712,
      "title": "Travel"
    },
    {
      "uri": "photos_and_videos/Travel/timo-stern-iUBgeNeyVy8-unsplash.jpg",
      "creation_timestamp": 1312366112,
      "title": "Travel",
      "description": "Getting lost in Florence."
    },
    {
      "uri": "photos_and_videos/Travel/tom-barrett-M0AWNxnLaMw-unsplash.jpg",
      "creation_timestamp": 1315044512,
      "title": "Travel",
      "description": "Goodbye Hong Kong"
    }
  ],
  "cover_photo": {
    "uri": "photos_and_videos/Travel/dino-reichmuth-A5rCN8626Ck-unsplash.jpg",
    "creation_timestamp": 1294049312,
    "title": "Travel",
    "description": "The Yellow Submarine doing fine in the the heat."
  },
  "last_modified_timestamp": 1315044512,
  "description": "So many beautiful places in this wide world. Here are a few that I've been lucky enough to see."
}